{
  "asset_id": 1,
  "tf": "1D",
  "signal_type": "ema_crossover",
  "n_splits": 15,
  "n_splits_config": "CPCV(6,2)",
  "pt_multiplier": 1.0,
  "sl_multiplier": 1.0,
  "vertical_bars": 10,
  "embargo_frac": 0.01,
  "fee_bps": 10.0,
  "slippage_bps": 5.0,
  "n_aligned_bars": 5612,
  "sharpe_distribution": [
    -1.6904046547412772,
    -1.770504824330343,
    -1.9561426762013927,
    -1.8090740876724485,
    -1.991307667208953,
    -1.6074611639016911,
    -1.8090740876724485,
    -1.731119564878176,
    -1.9203730546960434,
    1.2826097041919724,
    1.5086419274600162,
    1.3682935458333345,
    0.8506400919989994,
    0.6233407734638554,
    -1.9918481312742276
  ],
  "mean_sharpe": -0.8429189246419216,
  "median_sharpe": -1.731119564878176,
  "sharpe_p10": -1.9772416708059288,
  "sharpe_p25": -1.8647235711842458,
  "sharpe_p75": 0.7369904327314274,
  "sharpe_p90": 1.3340200091767895,
  "sharpe_std": 1.4098043517268102,
  "pct_positive_sharpe": 0.3333333333333333,
  "n_positive_sharpe": 5,
  "n_negative_sharpe": 10
}
